Dice,IoU,Sensitivity,Specificity,TP,FP,TN,FN
0.3935749288514125,0.2450004895466478,0.5876214518362695,0.9994775750450545,40037,95282,182288808,28097
